{
    "split_from": "dtree_bow",
    "accuracy": 0.7572,
    "precision": 0.7715776796467282,
    "recall": 0.748733930658356,
    "f1_score": 0.7599841834717279,
    "confusion_matrix": [
        [
            1864,
            569
        ],
        [
            645,
            1922
        ]
    ],
    "classification_report": {
        "0": {
            "precision": 0.7429254683140694,
            "recall": 0.7661323468968352,
            "f1-score": 0.7543504653986242,
            "support": 2433.0
        },
        "1": {
            "precision": 0.7715776796467282,
            "recall": 0.748733930658356,
            "f1-score": 0.7599841834717279,
            "support": 2567.0
        },
        "accuracy": 0.7572,
        "macro avg": {
            "precision": 0.7572515739803988,
            "recall": 0.7574331387775957,
            "f1-score": 0.757167324435176,
            "support": 5000.0
        },
        "weighted avg": {
            "precision": 0.7576355136122563,
            "recall": 0.7572,
            "f1-score": 0.7572428162573557,
            "support": 5000.0
        }
    }
}