{
    "split_from": "grad_boost_bow",
    "accuracy": 0.7568,
    "precision": 0.6954006363899334,
    "recall": 0.9365017530190884,
    "f1_score": 0.7981407702523241,
    "confusion_matrix": [
        [
            1380,
            1053
        ],
        [
            163,
            2404
        ]
    ],
    "classification_report": {
        "0": {
            "precision": 0.8943616331821128,
            "recall": 0.5672009864364982,
            "f1-score": 0.6941649899396379,
            "support": 2433.0
        },
        "1": {
            "precision": 0.6954006363899334,
            "recall": 0.9365017530190884,
            "f1-score": 0.7981407702523241,
            "support": 2567.0
        },
        "accuracy": 0.7568,
        "macro avg": {
            "precision": 0.7948811347860232,
            "recall": 0.7518513697277933,
            "f1-score": 0.746152880095981,
            "support": 5000.0
        },
        "weighted avg": {
            "precision": 0.7922150574290079,
            "recall": 0.7568,
            "f1-score": 0.7475461555521711,
            "support": 5000.0
        }
    }
}