{
    "split_from": "grad_boost_tfidf",
    "accuracy": 0.7594,
    "precision": 0.7185897435897436,
    "recall": 0.8733930658356057,
    "f1_score": 0.7884649199929665,
    "confusion_matrix": [
        [
            1555,
            878
        ],
        [
            325,
            2242
        ]
    ],
    "classification_report": {
        "0": {
            "precision": 0.8271276595744681,
            "recall": 0.6391286477599671,
            "f1-score": 0.7210758172965452,
            "support": 2433.0
        },
        "1": {
            "precision": 0.7185897435897436,
            "recall": 0.8733930658356057,
            "f1-score": 0.7884649199929665,
            "support": 2567.0
        },
        "accuracy": 0.7594,
        "macro avg": {
            "precision": 0.7728587015821058,
            "recall": 0.7562608567977864,
            "f1-score": 0.7547703686447559,
            "support": 5000.0
        },
        "weighted avg": {
            "precision": 0.7714042935079105,
            "recall": 0.7594,
            "f1-score": 0.755673382620888,
            "support": 5000.0
        }
    }
}