{
    "split_from": "gradboost_wordvec",
    "accuracy": 0.7786,
    "precision": 0.7829099307159353,
    "recall": 0.789289871944121,
    "f1_score": 0.7860869565217391,
    "confusion_matrix": [
        [
            1859,
            564
        ],
        [
            543,
            2034
        ]
    ],
    "classification_report": {
        "0": {
            "precision": 0.7739383846794338,
            "recall": 0.76723070573669,
            "f1-score": 0.7705699481865284,
            "support": 2423.0
        },
        "1": {
            "precision": 0.7829099307159353,
            "recall": 0.789289871944121,
            "f1-score": 0.7860869565217391,
            "support": 2577.0
        },
        "accuracy": 0.7786,
        "macro avg": {
            "precision": 0.7784241576976845,
            "recall": 0.7782602888404055,
            "f1-score": 0.7783284523541337,
            "support": 5000.0
        },
        "weighted avg": {
            "precision": 0.7785623195066466,
            "recall": 0.7786,
            "f1-score": 0.778567414282496,
            "support": 5000.0
        }
    }
}