{
    "split_from": "knn_bow",
    "accuracy": 0.7432,
    "precision": 0.7187180361404705,
    "recall": 0.8211920529801324,
    "f1_score": 0.7665454545454545,
    "confusion_matrix": [
        [
            1608,
            825
        ],
        [
            459,
            2108
        ]
    ],
    "classification_report": {
        "0": {
            "precision": 0.7779390420899854,
            "recall": 0.6609124537607891,
            "f1-score": 0.7146666666666667,
            "support": 2433.0
        },
        "1": {
            "precision": 0.7187180361404705,
            "recall": 0.8211920529801324,
            "f1-score": 0.7665454545454545,
            "support": 2567.0
        },
        "accuracy": 0.7432,
        "macro avg": {
            "precision": 0.7483285391152279,
            "recall": 0.7410522533704608,
            "f1-score": 0.7406060606060606,
            "support": 5000.0
        },
        "weighted avg": {
            "precision": 0.7475349776355045,
            "recall": 0.7432,
            "f1-score": 0.7413012363636364,
            "support": 5000.0
        }
    }
}