{
    "split_from": "knn_wordvec",
    "accuracy": 0.7674,
    "precision": 0.8055315471045809,
    "recall": 0.7233216918897943,
    "f1_score": 0.7622163156818647,
    "confusion_matrix": [
        [
            1973,
            450
        ],
        [
            713,
            1864
        ]
    ],
    "classification_report": {
        "0": {
            "precision": 0.7345495160089353,
            "recall": 0.8142798184069335,
            "f1-score": 0.7723624975533373,
            "support": 2423.0
        },
        "1": {
            "precision": 0.8055315471045809,
            "recall": 0.7233216918897943,
            "f1-score": 0.7622163156818647,
            "support": 2577.0
        },
        "accuracy": 0.7674,
        "macro avg": {
            "precision": 0.770040531556758,
            "recall": 0.768800755148364,
            "f1-score": 0.767289406617601,
            "support": 5000.0
        },
        "weighted avg": {
            "precision": 0.771133654835631,
            "recall": 0.7674,
            "f1-score": 0.7671331554167803,
            "support": 5000.0
        }
    }
}