{
    "split_from": "linear svc best TFIDF",
    "accuracy": 0.8338,
    "precision": 0.826561324303988,
    "recall": 0.855862874951305,
    "f1_score": 0.8409569377990431,
    "confusion_matrix": [
        [
            1972,
            461
        ],
        [
            370,
            2197
        ]
    ],
    "classification_report": {
        "0": {
            "precision": 0.8420153714773698,
            "recall": 0.8105219893136046,
            "f1-score": 0.8259685863874345,
            "support": 2433.0
        },
        "1": {
            "precision": 0.826561324303988,
            "recall": 0.855862874951305,
            "f1-score": 0.8409569377990431,
            "support": 2567.0
        },
        "accuracy": 0.8338,
        "macro avg": {
            "precision": 0.8342883478906788,
            "recall": 0.8331924321324549,
            "f1-score": 0.8334627620932389,
            "support": 5000.0
        },
        "weighted avg": {
            "precision": 0.8340812636585557,
            "recall": 0.8338,
            "f1-score": 0.8336636060021543,
            "support": 5000.0
        }
    }
}