{
    "split_from": "linear_svc_tfidf",
    "accuracy": 0.8286,
    "precision": 0.8176077265973254,
    "recall": 0.8574211141410206,
    "f1_score": 0.8370412625974519,
    "confusion_matrix": [
        [
            1942,
            491
        ],
        [
            366,
            2201
        ]
    ],
    "classification_report": {
        "0": {
            "precision": 0.841421143847487,
            "recall": 0.7981915330867242,
            "f1-score": 0.8192364480067497,
            "support": 2433.0
        },
        "1": {
            "precision": 0.8176077265973254,
            "recall": 0.8574211141410206,
            "f1-score": 0.8370412625974519,
            "support": 2567.0
        },
        "accuracy": 0.8286,
        "macro avg": {
            "precision": 0.8295144352224062,
            "recall": 0.8278063236138724,
            "f1-score": 0.8281388553021007,
            "support": 5000.0
        },
        "weighted avg": {
            "precision": 0.829195335431254,
            "recall": 0.8286,
            "f1-score": 0.8283774398176161,
            "support": 5000.0
        }
    }
}