{
    "Accuracy": 0.8364,
    "Precision": 0.8220994475138121,
    "Recall": 0.8694974678613168,
    "F1 Score": 0.8451344187807649,
    "Confusion Matrix": [
        [
            1950,
            483
        ],
        [
            335,
            2232
        ]
    ],
    "Classification Report": {
        "0": {
            "precision": 0.8533916849015317,
            "recall": 0.8014796547472256,
            "f1-score": 0.8266214497668503,
            "support": 2433.0
        },
        "1": {
            "precision": 0.8220994475138121,
            "recall": 0.8694974678613168,
            "f1-score": 0.8451344187807649,
            "support": 2567.0
        },
        "accuracy": 0.8364,
        "macro avg": {
            "precision": 0.8377455662076719,
            "recall": 0.8354885613042712,
            "f1-score": 0.8358779342738076,
            "support": 5000.0
        },
        "weighted avg": {
            "precision": 0.8373262502266765,
            "recall": 0.8364,
            "f1-score": 0.836126008058594,
            "support": 5000.0
        }
    },
    "Best Parameters": {
        "C": 0.1,
        "loss": "squared_hinge"
    }
}