{
    "split_from": "linear_svc_wordvec",
    "accuracy": 0.7924,
    "precision": 0.7938144329896907,
    "recall": 0.8067520372526193,
    "f1_score": 0.800230946882217,
    "confusion_matrix": [
        [
            1883,
            540
        ],
        [
            498,
            2079
        ]
    ],
    "classification_report": {
        "0": {
            "precision": 0.7908441831163376,
            "recall": 0.7771357820883202,
            "f1-score": 0.7839300582847628,
            "support": 2423.0
        },
        "1": {
            "precision": 0.7938144329896907,
            "recall": 0.8067520372526193,
            "f1-score": 0.800230946882217,
            "support": 2577.0
        },
        "accuracy": 0.7924,
        "macro avg": {
            "precision": 0.7923293080530142,
            "recall": 0.7919439096704698,
            "f1-score": 0.7920805025834898,
            "support": 5000.0
        },
        "weighted avg": {
            "precision": 0.7923750499010638,
            "recall": 0.7924,
            "f1-score": 0.7923315362678907,
            "support": 5000.0
        }
    }
}