{
    "split_from": "log_reg_bow",
    "accuracy": 0.7806,
    "precision": 0.7416173570019724,
    "recall": 0.8788469029996104,
    "f1_score": 0.804421465501872,
    "confusion_matrix": [
        [
            1647,
            786
        ],
        [
            311,
            2256
        ]
    ],
    "classification_report": {
        "0": {
            "precision": 0.841164453524004,
            "recall": 0.6769420468557337,
            "f1-score": 0.7501708039171032,
            "support": 2433.0
        },
        "1": {
            "precision": 0.7416173570019724,
            "recall": 0.8788469029996104,
            "f1-score": 0.804421465501872,
            "support": 2567.0
        },
        "accuracy": 0.7806,
        "macro avg": {
            "precision": 0.7913909052629882,
            "recall": 0.777894474927672,
            "f1-score": 0.7772961347094876,
            "support": 5000.0
        },
        "weighted avg": {
            "precision": 0.790056974169593,
            "recall": 0.7806,
            "f1-score": 0.7780230935747235,
            "support": 5000.0
        }
    }
}