{
    "split_from": "log_reg_wordvec",
    "accuracy": 0.7914,
    "precision": 0.795,
    "recall": 0.8020954598370198,
    "f1_score": 0.7985319683214216,
    "confusion_matrix": [
        [
            1890,
            533
        ],
        [
            510,
            2067
        ]
    ],
    "classification_report": {
        "0": {
            "precision": 0.7875,
            "recall": 0.7800247626908791,
            "f1-score": 0.783744557329463,
            "support": 2423.0
        },
        "1": {
            "precision": 0.795,
            "recall": 0.8020954598370198,
            "f1-score": 0.7985319683214216,
            "support": 2577.0
        },
        "accuracy": 0.7914,
        "macro avg": {
            "precision": 0.79125,
            "recall": 0.7910601112639495,
            "f1-score": 0.7911382628254423,
            "support": 5000.0
        },
        "weighted avg": {
            "precision": 0.7913655,
            "recall": 0.7914,
            "f1-score": 0.7913659889547185,
            "support": 5000.0
        }
    }
}