{
    "Accuracy": 0.8336,
    "Precision": 0.8209396966333703,
    "Recall": 0.864433190494741,
    "F1 Score": 0.8421252371916509,
    "Confusion Matrix": [
        [
            1949,
            484
        ],
        [
            348,
            2219
        ]
    ],
    "Classification Report": {
        "0": {
            "precision": 0.848498040922943,
            "recall": 0.801068639539663,
            "f1-score": 0.8241014799154335,
            "support": 2433.0
        },
        "1": {
            "precision": 0.8209396966333703,
            "recall": 0.864433190494741,
            "f1-score": 0.8421252371916509,
            "support": 2567.0
        },
        "accuracy": 0.8336,
        "macro avg": {
            "precision": 0.8347188687781566,
            "recall": 0.832750915017202,
            "f1-score": 0.8331133585535422,
            "support": 5000.0
        },
        "weighted avg": {
            "precision": 0.8343495869646764,
            "recall": 0.8336,
            "f1-score": 0.8333548769010435,
            "support": 5000.0
        }
    },
    "Best Parameters": {
        "alpha": 1.0
    }
}