{
    "split_from": "multi_nb_tfidf",
    "accuracy": 0.8336,
    "precision": 0.8185824458318032,
    "recall": 0.8683287884690299,
    "f1_score": 0.8427221172022683,
    "confusion_matrix": [
        [
            1939,
            494
        ],
        [
            338,
            2229
        ]
    ],
    "classification_report": {
        "0": {
            "precision": 0.8515590689503733,
            "recall": 0.7969584874640362,
            "f1-score": 0.8233545647558386,
            "support": 2433.0
        },
        "1": {
            "precision": 0.8185824458318032,
            "recall": 0.8683287884690299,
            "f1-score": 0.8427221172022683,
            "support": 2567.0
        },
        "accuracy": 0.8336,
        "macro avg": {
            "precision": 0.8350707573910883,
            "recall": 0.8326436379665331,
            "f1-score": 0.8330383409790534,
            "support": 5000.0
        },
        "weighted avg": {
            "precision": 0.8346288706412993,
            "recall": 0.8336,
            "f1-score": 0.8332978661818355,
            "support": 5000.0
        }
    }
}