{
    "split_from": "rndf_wordvec",
    "accuracy": 0.7808,
    "precision": 0.7849172758753367,
    "recall": 0.7916181606519208,
    "f1_score": 0.7882534775888717,
    "confusion_matrix": [
        [
            1864,
            559
        ],
        [
            537,
            2040
        ]
    ],
    "classification_report": {
        "0": {
            "precision": 0.7763431903373594,
            "recall": 0.7692942633099463,
            "f1-score": 0.7728026533996684,
            "support": 2423.0
        },
        "1": {
            "precision": 0.7849172758753367,
            "recall": 0.7916181606519208,
            "f1-score": 0.7882534775888717,
            "support": 2577.0
        },
        "accuracy": 0.7808,
        "macro avg": {
            "precision": 0.780630233106348,
            "recall": 0.7804562119809335,
            "f1-score": 0.78052806549427,
            "support": 5000.0
        },
        "weighted avg": {
            "precision": 0.780762274023633,
            "recall": 0.7808,
            "f1-score": 0.7807660081867838,
            "support": 5000.0
        }
    }
}