{
    "split_from": "rndf_tfidf",
    "accuracy": 0.8108,
    "precision": 0.826946349334409,
    "recall": 0.7985975847292559,
    "f1_score": 0.8125247720967101,
    "confusion_matrix": [
        [
            2004,
            429
        ],
        [
            517,
            2050
        ]
    ],
    "classification_report": {
        "0": {
            "precision": 0.7949226497421658,
            "recall": 0.8236744759556104,
            "f1-score": 0.8090431974162293,
            "support": 2433.0
        },
        "1": {
            "precision": 0.826946349334409,
            "recall": 0.7985975847292559,
            "f1-score": 0.8125247720967101,
            "support": 2567.0
        },
        "accuracy": 0.8108,
        "macro avg": {
            "precision": 0.8109344995382874,
            "recall": 0.8111360303424331,
            "f1-score": 0.8107839847564697,
            "support": 5000.0
        },
        "weighted avg": {
            "precision": 0.8113636171128235,
            "recall": 0.8108,
            "f1-score": 0.8108306378571882,
            "support": 5000.0
        }
    }
}