{
    "split_from": "rndf_bow",
    "accuracy": 0.8142,
    "precision": 0.8257756563245824,
    "recall": 0.8087261394624075,
    "f1_score": 0.8171619759889786,
    "confusion_matrix": [
        [
            1995,
            438
        ],
        [
            491,
            2076
        ]
    ],
    "classification_report": {
        "0": {
            "precision": 0.8024939662107804,
            "recall": 0.8199753390875463,
            "f1-score": 0.8111404757064444,
            "support": 2433.0
        },
        "1": {
            "precision": 0.8257756563245824,
            "recall": 0.8087261394624075,
            "f1-score": 0.8171619759889786,
            "support": 2567.0
        },
        "accuracy": 0.8142,
        "macro avg": {
            "precision": 0.8141348112676814,
            "recall": 0.8143507392749769,
            "f1-score": 0.8141512258477115,
            "support": 5000.0
        },
        "weighted avg": {
            "precision": 0.8144467859152064,
            "recall": 0.8142,
            "f1-score": 0.8142319139514975,
            "support": 5000.0
        }
    }
}